Name,Email,password,hashed_password
Liam,liam@example.com,UwPiCSSj,2046b111d3e12045b48127c75078e7f5bac70938a4cbfdbb5f0ced95a986f445
Olivia,olivia@example.com,CLRbJzSqkj,d51b62cff1e545e71605d9b4fed0cc096944a3e5cc899e46b85b63f2930e0322
Noah,noah@example.com,ztoaJPOz,ddc38ee3f7c05cdc47cceda14e4e56edf99bd560fa84d9962fe01b49c6a77403
Emma,emma@example.com,rRk2XagPaIrA,b1296ff2a03bb906213355c762cffb029d3a82f86a6113fc00e24c0e6ff25b7a
Oliver,oliver@example.com,Axl8TbZVk8,9f39d3d661f9a8929c1e1af5248adedcdd3489b41886a5d970d711bc17a22f97
Ava,ava@example.com,7pJsVzAJZWWb,81494498321ffebcfea10b9b30b14b31efd3ad0766d909de131cb74dc85ee9cc
Elijah,elijah@example.com,FreocWGeGW,e3ee3f5436d114d74ad769c92c9d231c114d660f9336eda6ac61f53ca35c2cfb
Charlotte,charlotte@example.com,iVHZgy5xR5,0a26d1bf767c2fbe74bf42f4f53ba8fbe4e17136bceb32e88d46004f0e753e86
William,william@example.com,xl5RchQEN,5ed54dc5b343e92d887644c2df755283581e9bcbca9bbd64e519e62c272972f5
Sophia,sophia@example.com,5eTN0ssIVsN,4b6d2e9833ee3c5e635424ab6964f211faebfb7091159cc0f76a963c8331ebe6
James,james@example.com,1jUMzJUTSa,192ac988a846e92e79a367fbaabfb6c88e01fad9bdaf6b9a18b6479d55cc2d7c
Amelia,amelia@example.com,dkAFC9zbgX,8b60a92f07c87db599517e2903ce8a7ee33cd7fdf3283dd0dc507ee36d023e73
Benjamin,benjamin@example.com,6J7g98a6z,ffadea1fc52bdf95932605f00f0f6a2a4c63df2b64a579d06c4ca94e4e7ae674
Isabella,isabella@example.com,zxoDNL5VlKoS,a9edc81391286c55db31e8bf369a4c32ae270d1e0700cbd9fc2b3d1dfd927c4b
Lucas,lucas@example.com,tN1rlNCySLs,14decaa1ceacdbe09683425535517ec2e7b3cab16c49c60b80cc3e8677bba3c1
Mia,mia@example.com,YLdJsxZ8w,0584a00609aa545a1f44197a456470c26bbd7fe0e8e3fb3432ee68333b02e807
Henry,henry@example.com,47OzblVZgawC,797b9e97b96a61ec688c916e73ca54aa29b7620e151107b2aab38dd7f546869d
Evelyn,evelyn@example.com,AXEm8yMT5H,798b181941c649b858867de644964e5c178c584b1406812ae5ea68a355864a3c
Alexander,alexander@example.com,g9uTyPP4B,c9fa4bc7ac8e9dac2e1de16305b1e79ad2623767f1469a05715b688c3cd0eb34
Harper,harper@example.com,JUP4dz4MnEQ,0336b3bf0301976a334fe7a3cc01c86b6f0dd821e42f12a82c2c4163232ad164
Michael,michael@example.com,NHuZU8m57,9c8f7b34038a34fb271b7ddab44426b148e96f96467961258a6677022c19c4cc
Camila,camila@example.com,KIqv6sNOJn,7be9c634095a23d12a22440c18990601911aa28f75131f26f767806d427f02e7
Ethan,ethan@example.com,tmtJIMmJz5JJ,6836ec99e880c5fa819c67011d1bb1ba992894f3cb9487aeb57d86ee9db008f0
Abigail,abigail@example.com,R1RLTLnL51Uv,dc42ae41e86840eac8fa79a397edf31256ea1e1bb5ca5ce1ebf2aa505425ceef
Daniel,daniel@example.com,YzLd6A3wa,d5d7ce776b44c9cf8078cefaa621886a0da728a3fc802a3e4f5bca62ee454ca8
Emily,emily@example.com,2mvmqShJ,e6eb913246b8c036998e83a5695cff5a03a4e9fb8375568861e860aaeb8d6f79
Matthew,matthew@example.com,eyAVjL44,e0b137eb5e593aa55bf0b808a4bc3df3b8d89e24723ea0aea261132f45fe1d0e
Elizabeth,elizabeth@example.com,Dty6tx8eup,bc0a39562b1fa247df428bfb1d52a6ae536888da1ba8a5bba9e068cd576b1000
Jackson,jackson@example.com,6zEIVbZWJ8s,b3f5e90d7164469131488c0e9371c9f7ae0994a0663c0552e1d6acf7275ed2e4
Mila,mila@example.com,z1f1pVbkJJ51,959774b7fb9c4d0a29e4e6b78fb3a1e2a53d408a44e76353051a5161fab59fac
Sebastian,sebastian@example.com,MpIhYyxxehG,5c303992d692787430b4b1ea627d117a363e2ad18e370cb1271cf49dae70dde2
Ella,ella@example.com,ZsylEUQ2,bcb97c44aec7226c4fa827ccf2685f07ce54ae74c3c993ea9fed5daaa8e7ef2e
Aiden,aiden@example.com,JMaDG8Sc,bc3ec3aa1ce782c5c06ce5ab8dcff1fe282a3aac873625d1dbf8fc95d43b4e6b
Avery,avery@example.com,tRS1zUyi,6b636fe324849597c3e625672624e43d1d2ef31415c3507c0ecb8fbf5fb1b5d0
David,david@example.com,GfyZE2zq,400ac8a7d6d75b8bf46bdad5c7115f8678802d622cb329b5db053123e3a65c04
Sofia,sofia@example.com,OGK3HJv55fSY,9b111281ba498985f7964bc12e4d41019e188de27daaab160064ccd8c78ef08b
Joseph,joseph@example.com,nQhOUf2Dr,7b2c95c303af813c4c83f7d67f642e0034b0f255d7ee697946381a9f070081ca
Aria,aria@example.com,9yHSI0QQnWP,e8d056c46a13123dee1ae0735700bc8d62b35aa5dd26458429bf7790b847cf22
Carter,carter@example.com,2zf2RxjE8LN,8444274540e1cdbfd44434269fad75d5f338fcc7be9de931f64e356970388b47
Scarlett,scarlett@example.com,7z5dCN5c8,5dcd82ded918a8ee849357c00349cf808e2ef2b6d95ef4e899f3a5fc31df7993
Owen,owen@example.com,dMTbqRc1ab,3887bdbbbfa6ad3c2acdfa078e399b61151bce5bd4261cf363d26370232a3346
Victoria,victoria@example.com,ouK2XgQv6,424845534d0717e02d1bc47b5445e7f583fb2bf4ef36b0a2df8f3a82ca95f09c
Wyatt,wyatt@example.com,52O6uIBqK,9873d97cee026e14c3cb81af473796e55fa8a2f73e7bab3ba8e49d3a6d56bfab
Madison,madison@example.com,asuK1GL7,00b138fd78027a3d1ec1f3baeae0128bcafc1813b8de1a352b66f85e9cf1c865
John,john@example.com,ev80cHLKGMUL,219288489a9260c1c1d3fb1f9a8aa1b02522c1d86db7daa9dd580b6b44687a33
Luna,luna@example.com,S6krRB2yM80M,f8ad70aba6430575d92953ac3cc4874aaf4dc2b77cd1ca6bf328f940b538c9fe
Jack,jack@example.com,otfxXw1sn,4bd13bdc5147f852a19ad54721cd2b3fadf6c42f5fddb0a3bc2903d1c2a88d7a
Grace,grace@example.com,1TK3tfAuIxFO,9399b14b51c548dc3b0c1ff5df7e7bb56d0b21725689a7087d193751cba40075
Luke,luke@example.com,AxygntoozoN,6fc0fe8fde5ecfd41a81bf5df7f44ec608d6b5608008366bd40b4094b47bc8c9
Chloe,chloe@example.com,zRHLM4h9By,7a71b69e7f2b09c1784ab7d2df3d1aecbc55bd445b809f2ca391d87cd9384674
Jayden,jayden@example.com,xzenM3Bc,43506a5e6550743fc476643bd85728729b382dee32f49ca195176069aa03a421
Penelope,penelope@example.com,IVhwZQPPPM,ae674e79e5df4fc81adbde155c69c9211dfb9983587909ce9712d1114d6b5cbd
Dylan,dylan@example.com,Qg7rR1MlJXP,53d8c351ba55a800280539a4f5fe8ced193b4cec61d36cc89e03084856a20f51
Layla,layla@example.com,HNQBpjnUy,8b6317ae69e2dceb96b20f78d3766e26257e0d6ede9ba34c4547329e08a530c4
Grayson,grayson@example.com,IrRHh89xo,75ded038be4e6222b1ac5850cd0a3d3726879acf31d78954026c74e336b4d37b
Riley,riley@example.com,S7ZQj0SLDj,5805ba646418a8ec3df4ac569cc3d4d1d305445c07d38558995da8cceaa0a568
Levi,levi@example.com,btEfzln16TWL,c2c39a063344a82ab50cc77df885cc2fde4ead8bbfe6d3dd05933a49d8b7c7a3
Zoey,zoey@example.com,oskC8LowMV,d003347561034219db4860cec2a02ee858a6ee655594106d00992b5b1887416b
Isaac,isaac@example.com,bt0A8lGtB,848b28d91c42cec3a99a7690a1343de75e698d9e62c3dfd002a5377e2561496a
Nora,nora@example.com,gXMFCpQ5,604ec93a96c0dce1820b8206b235db2b66ff1e0395f8682426ebc01c110e9561
Gabriel,gabriel@example.com,A4NnyBHBI,55d5db10d071e72420af3f175ac54df3bfe9602667d8d44cba50e7dbb877075a
Lily,lily@example.com,ep08ouW8rlK,3be8524e4e5f81438bdd237fabffe49e99468c33f4b98e4c85fd40bb913b3a82
Julian,julian@example.com,Xh3ZBOaA,ddfd9c75f4befba389022a96de09acf05b9d9a363e185fffaede744db25d7682
Hannah,hannah@example.com,yusKj6nJm3T,067078e024d4d40d1458e7fa6d6d8c80dbf4b91a465f9217d41437a47d5555e3
Mateo,mateo@example.com,jHb8Cnxi,bd1de1db8107e70ab842b2d2d4bdff6f982f2775c458ca1367da0cf76fdb81cf
Aubrey,aubrey@example.com,vRvbtpdODpjj,63e319fb757cfe74f302175cf388f3bc4c22cb8e7ed903c5d1ba084ab5050355
Anthony,anthony@example.com,BmhM8wfY,279efb5fd96fb1dfc28a1ab9b1c8bf319e1ca0abe8f42431f310c2fa920fc8fc
Lillian,lillian@example.com,5unq1bHV6Y,67add3d8a7c31620cffdd33f444a3452d7988c7efada401f5ebf5a6c009e0488
Jaxon,jaxon@example.com,Bkh10A79Dj2T,f3fb06baf993736eaeffae2ecbbafd7ee2313e65980eaa92900cab7120a683a6
Addison,addison@example.com,hezcfgznqR,46fe280753ffff744067058ed3671bf8a9d26dfcd642354b0002561f23e5ef8d
Lincoln,lincoln@example.com,kT0FJxr5y,4421c402c49abaee2ffd88a2936f54db6ce6a4f7e09892b4c87b426f902014fe
Elena,elena@example.com,2hTLjccDj5,d168761c1197b490dc0728a44ae226737b62a85638f5843ac81bab635ed9e7c7
Joshua,joshua@example.com,3Jh9iiPfac6,c7757c7e76475e5a99bdb62a7944642eb5e5c144e6bba145b442c355fe7bd587
Stella,stella@example.com,JPO9rG6gTy,b73587b39fa134876c6a97c1439bd97484eb082b9340a100680565a1f7e970ea
Christopher,christopher@example.com,hWxvs3tOE,5ba4e267d227bc87298407c993a616ca2b63a6738db2bee4133b3fb0b848076e
Natalie,natalie@example.com,mXTnKKwb4,0f521ac5bcdd711f3a36457f437b2585c96d29191a241bd4503a11942573af2b
Andrew,andrew@example.com,XWxRVGtiq0jW,354cad578ac7676a25bef2cac2724b9933ca04cfee2258bb952bcd1ab309001a
Zoe,zoe@example.com,uumqkvmir4,99e8961ec9528236381d7a73e17159f5e824335943cc5b6eb67eeaef16ecaf3c
Theodore,theodore@example.com,WFUJO5jR713a,25a85f8b4c9721be7fc32a6263f4abdfbfa53f58d715e875932404d8100728f6
Leah,leah@example.com,kjtu7PqNxYpJ,177314b8fe8351e94da9893ba1f1ed5cd3fb2b83f99fe01cd263ab05e33adc11
Caleb,caleb@example.com,RvKXjCzfjm,f727ff5ad80e390de536c941f254f001130b5f593c3d4e32d1d7e7cba850a360
Hazel,hazel@example.com,kM19Xdqb9,c3593a0738c5ee44ba2cd025641392e10f2479647857a1811bb43c4a08fdd2d5
Ryan,ryan@example.com,HBfOesr0XPv,bce9a36900d06927070d6d1fedf301678b32384a2effc4a5df0b70cecbbf90c3
Violet,violet@example.com,Xxf6Dn0Qe,fca5db3889ae67358658935dbcfbcda8ccc2da72705c69d654738f58b0cf9f9f
Asher,asher@example.com,gOthrmNGXf,860b658bb821dfb3c59bec5965ea73d4d77f109b7715aaee786a0628cfa0a588
Aurora,aurora@example.com,VXZb6I2mh,a396b8699d07255a0c21567bc99568bf4098cbf71076c75a4c6f1664962322a1
Nathan,nathan@example.com,4k8366hv,d0438478feb7c4b06e1beda8eba911e0eeb9dac29995d34eec01837213c69866
Savannah,savannah@example.com,35AWPFkVhO,b7bda10f424999247cdb0e9ebde197e01a8567d31d60d6577d38ac3ca9dd009b
Thomas,thomas@example.com,uHxJVjWdCmb,5d65062f5681c0fb560328cd77d0edb4cc01323b6653b330891bf8d612297684
Audrey,audrey@example.com,EkpaFlTwG,b4931f175b55b7e291f82eeb00513a4fe029c815a761086f9aac5678f980b724
Leo,leo@example.com,VXYbNga1ft,994499f23ba5ed38d844a3be2759c1a91edcfcb176e1fb56ed69bd46f4e543d3
Brooklyn,brooklyn@example.com,5qfMjsJjsWBt,167c43aa1a87895f7c6b5a2bfcdd8a723f301fdf5f0ca6625442391797622954
Isaiah,isaiah@example.com,jxUFSNrqd,5d48f41326b0a024118bed89dace8dd38609607240ba4e59e6e07c381192ba31
Bella,bella@example.com,oa3HlJIu,663cc2bea39fd9cf98a1f9b5bf123355d05e90f3dc8b54b9368d564dcc47ece6
Charles,charles@example.com,KpbB4L2i,a12135d0407ce8da3bddd76b3e4a09dd7bc222b631c91b94541ea6ad5470cdfb
Claire,claire@example.com,4A8DU8HtYuH,43de39c592bc38c490709b7b788484ea46397ee2579b054b234650d71cb88d0d
Josiah,josiah@example.com,sh4tQKv9e9,00910ef2f5b095f15c5338d935388ca285262a54242d05b51e21a6d296d67479
Lucy,lucy@example.com,BhJElVfso,978fb1035b9a8c4ff67a28335a6bd2749e9d9a14ac5a49616bcaa726ca0df702
Hudson,hudson@example.com,AsNaWs7Vy,65ac25a6f5ef415e24690bc049e2476b32363c4fb9a422ed8461a4da005551ec
Paisley,paisley@example.com,AUXae9CAzoO,a57189abf1b57854ea35462c376bdd3a31af49c6bbc672fc7d4fb4d898d218dc
